{
    "model": "random_forest",
    "accuracy": 0.6785542168674699,
    "precision": 0.7710280373831776,
    "recall": 0.4876847290640394,
    "f1_score": 0.5974652987326494,
    "auc": 0.7315782135886234
}